date,1,2,3,4,5,6,7,8,9,10,11,12,13,14,15,16,17,18,19,20,21,22,23,24,25,26,OT
2022-12-20,23.8,13.1,17,20.1,14.9,93,68,83,89,79,4.8,1,2.9,2,2.7,693,452,606,561,637,41.3,30.9,33.9,30.1,15.5,21.15,2759.68
2022-12-21,25.3,13.4,17.1,20.5,14.8,91,66,79,83,77,5.2,1.2,3.1,3.1,3,693,452,606,685,622,37.7,30.2,34.5,30.6,15.2,16,1854.92
2022-12-22,25.6,13.2,17,20.4,14.9,93,61,76,83,72,6,0.9,3.4,3.2,3.6,649,311,511,418,575,43.1,32.5,36.2,31.2,15.15,15.5,2790
2022-12-23,25.5,12.7,17.2,20.8,14.7,94,56,73,83,67,6.8,0.7,3.8,3.2,4.2,644,262,501,392,576,43.1,32.2,34.9,31.8,15.15,15.5,5946
2022-12-24,26.4,13.3,17.2,21,14.7,93,60,75,81,71,6.1,0.9,3.6,3.4,3.6,679,258,525,409,605,50.5,30.3,35.7,31.7,15.2,15.55,6328
2022-12-25,25.4,13.1,17.2,20.8,14.8,92,62,81,82,81,5.7,1.1,2.8,3.3,2.4,694,277,543,429,620,37.7,23.1,33.8,31,15.15,15.55,5813
2022-12-26,25.5,12.3,17.3,20.7,15,92,62,77,83,73,6.2,1,3.4,3.3,3.5,929,387,626,584,654,35.4,35.3,32.2,32.8,15.3,16.05,7151
2022-12-27,22.8,11.6,16.3,18.5,14.8,91,57,77,82,74,6.2,1,3.2,3,3.3,904,529,660,557,662,43.1,35.8,36.6,33.7,15.45,16.05,5954
2022-12-28,25.5,11.7,17.6,20.7,15.5,89,59,75,82,70,5.9,1.3,3.7,3.3,4,722,278,565,467,632,42.8,40.9,34.1,33.8,15.1,15.3,5488
2022-12-29,25.3,13.8,17.5,20.2,15.7,92,61,75,83,70,5.5,1.3,3.6,3,4,748,293,572,502,621,41.2,42.5,39,33.1,15.3,15.5,5742
2022-12-30,26.4,13.4,18,21.2,15.8,89,64,76,81,73,6.2,1.6,3.7,3.7,3.7,821,382,612,543,660,41.1,43.9,34.7,43.9,15.3,15.2,4816
2022-12-31,25.7,13.8,17.9,21.1,15.7,91,67,80,83,78,5.4,1.1,3.1,3.3,3,739,318,603,500,674,43.1,42.4,36.1,42.3,15.35,16,6777
2023-1-1,25.4,13.7,17.7,20.6,15.8,92,72,84,85,83,5.1,1,2.5,2.8,2.3,737,289,577,520,633,40.8,40.8,36.8,39.2,15.25,15.45,7036
2023-1-2,25.8,13.3,17.6,21.1,15.2,92,69,83,85,82,5,1.1,2.6,3,2.3,689,306,560,470,622,33.9,33.3,35.4,40.2,15.25,15.45,7429
2023-1-3,25.7,12.9,18,21.1,15.8,93,73,86,86,87,4.9,0.9,2.2,2.8,1.8,765,311,607,488,689,37.1,31.2,35.8,38.5,15.3,15.5,6620
2023-1-4,23.5,12.3,16.6,20.1,14.2,93,81,87,86,88,3.8,0.9,1.8,2.4,1.4,779,342,622,553,671,29.4,24,32.9,40.6,16.25,16.45,6778
2023-1-5,23.8,13.1,16.9,20,14.7,96,73,89,86,91,4.8,0.4,1.8,2.6,1.2,772,333,648,539,724,35.8,25.5,35.8,39.5,15.1,15.45,5013
2023-1-6,25.9,13.4,17.4,21.3,14.7,94,75,88,84,90,5.1,0.7,2,3.2,1.2,761,282,569,483,629,38.5,23.1,36.7,39.3,14.5,15.15,5216
2023-1-7,26.2,12.9,18,21.4,15.6,93,66,86,81,90,6.8,0.9,2.3,3.6,1.3,737,347,590,492,659,31.5,30.4,34,43.2,13.05,13.2,4909
2023-1-8,24.4,13.2,17.1,20.5,14.7,92,72,87,84,89,5.1,0.9,2,3,1.3,735,377,621,531,684,29.6,25.2,34.1,42.5,13.55,14.2,4258
2023-1-9,25.5,11.4,16.7,20.4,14.2,91,69,82,81,84,6.1,1.1,2.7,3.7,2,1082,404,619,610,626,39.6,26.9,36.2,42.2,13.4,14,4911
2023-1-10,25.4,13.3,16.9,21,14,92,60,85,83,86,5.7,1.1,2.3,3.3,1.6,785,389,631,582,665,36.6,25.7,35,41.8,13.35,13.55,4785
2023-1-11,23.8,12.7,16.7,19.9,14.5,93,75,87,85,89,4.4,0.8,1.9,2.7,1.3,754,488,641,618,657,32.7,23.6,32.3,41,13.3,13.55,5726
2023-1-12,23.4,13.8,16.8,19.8,14.7,97,79,92,87,95,4.2,0.4,1.3,2.3,0.6,751,548,663,629,688,32.3,21.3,32.1,22,13.3,13.5,6922
2023-1-13,21.1,11.6,15.5,18.2,13.6,96,83,91,92,91,2.3,0.5,1.2,1.2,1.1,755,627,687,713,669,35,26.7,34.9,28,15.25,19.35,6994
2023-1-14,21.2,9.7,15.3,17.5,13.7,94,68,80,86,76,4.1,0.6,2.6,2.1,2.9,642,279,509,447,553,43.9,33.6,39.2,31.5,14.4,17.45,6570
2023-1-15,25.5,11.6,16.7,20.3,14.1,91,63,77,81,74,5.4,1,3.3,3.5,3.1,675,449,581,540,611,38.8,35.4,33.8,32.8,14,14.35,6440
2023-1-16,24.7,12.8,16.9,20.4,14.4,97,73,88,82,92,5,0.3,1.9,3.3,1,709,507,637,614,654,36.5,24,36.9,24.8,15,15.2,4909
2023-1-17,24.3,12.1,17.1,20.8,14.4,95,69,83,82,84,5.3,0.7,2.6,3.4,2,726,528,651,629,667,33,29.7,36.9,28.9,14.4,15,6231
2023-1-18,25.6,12.5,17.3,21.4,14.4,91,68,83,79,85,5.7,1,2.7,4,1.8,736,527,643,630,653,33.8,26,34.2,25.5,14.55,15.15,5318
2023-1-19,30.1,12.2,17.4,21.5,14.4,91,70,83,82,84,9.5,1,2.6,3.5,2,786,409,609,585,626,34.2,30.1,28.5,27.1,15.1,15.3,5468
2023-1-20,25.3,12.1,17.3,21.3,14.3,91,72,84,80,86,5.6,1,2.6,3.9,1.7,717,510,636,626,642,34.6,29,30.4,27,15.05,15.2,4944
2023-1-21,25.5,12.8,17.2,21.2,14.4,95,77,89,84,92,5.2,0.6,1.8,3.1,0.9,746,544,658,636,675,34.3,24.7,28.5,21.9,14.5,15.1,3963
2023-1-22,23.9,12.6,17,20.7,14.2,93,74,89,85,91,4.7,0.7,1.8,2.8,1.1,760,549,655,648,660,31.9,25.3,27.8,22.4,15.1,15.25,4200
2023-1-23,22.4,11.6,16.1,18.3,14.5,96,73,86,87,84,4.3,0.5,2,2.1,2,719,296,538,518,552,36.1,38.6,32.2,31.3,17.05,18.55,2364
2023-1-24,24.6,11.8,17.2,20.7,14.5,92,72,83,81,85,6,1,2.6,3.7,1.8,812,497,626,624,627,37.8,36.6,34.8,32.7,15.55,15.55,3584
2023-1-25,27.5,12.7,17.6,21.8,14.4,92,72,83,81,85,6,1,2.6,3.7,1.8,812,497,626,624,627,37.8,36.6,34.8,32.7,15.55,15.55,4016
2023-1-26,21.7,11.7,16.1,18.7,14.2,93,71,86,89,84,4.2,0.8,1.9,1.8,1.9,720,369,564,524,593,40.3,32.1,37,40.7,15.4,16.25,4487
2023-1-27,26,13.1,17.5,21.6,14.4,87,66,79,79,79,5.5,1.8,3.2,4.1,2.5,818,499,632,634,631,33.4,28.7,32.4,39.2,14.45,15.05,4884
2023-1-28,26.3,12.9,17.8,22,14.7,90,71,79,84,75,5.6,1.5,3.2,3.3,3.1,749,509,641,629,650,32.3,27.9,32.2,38.8,14.3,14.45,4961
2023-1-29,26.7,13.6,18.2,22.1,15.2,83,56,75,74,76,7.5,2.3,4,5.1,3.2,801,528,681,692,672,30.9,28.2,30.7,38.7,14.25,14.45,2233
2023-1-30,27.6,13.1,18.8,22.5,16,91,45,71,71,81,8.1,1.1,3.9,5.7,2.6,804,529,529,693,673,31.3,27,31.4,38.5,13.35,13.55,2846
2023-1-31,26.6,13.5,18.6,22.4,15.7,91,45,89,75,100,8.1,1.1,2.1,4.7,2.6,787,540,676,676,676,34.4,26.3,32.7,38.3,14,14.25,5288
2023-2-1,26.6,13,17.8,21.6,14.9,91,45,100,99,100,8.1,1.1,2.1,4.7,2.6,822,509,627,621,631,39.4,26.5,36.3,38.6,14.55,15.2,5045
2023-2-2,25.7,13.3,18,21.7,15.1,91,45,100,99,100,7.5,2.3,2.1,4.7,2.6,886,542,678,715,649,32.2,27.2,32.5,38.7,14.3,15.05,5226
2023-2-3,26.8,12.9,18.1,22.1,15,91,45,99,99,100,7.5,2.3,2.1,4.7,2.6,844,527,664,691,643,31.2,31.2,31.9,38.6,14.25,14.45,5227
2023-2-4,26.3,13.2,18.2,22.4,15.1,91,45,77,79,75,7.2,2.1,3.7,4.4,3.2,814,557,687,692,683,31.3,25.9,31.8,38.3,14.15,14.35,4706
2023-2-5,26.6,14.9,19.2,23,16.1,89,61,79,75,83,7.4,1.5,3.6,5.3,2.3,802,518,678,690,668,31.4,26.2,31.6,38.1,13.5,14.1,5894
2023-2-6,26.4,13.7,18.7,22.5,15.7,87,71,79,78,79,6,1.6,3.5,4.4,2.9,826,551,677,707,654,32.1,27.1,31.6,39.6,12.2,12.45,4646
2023-2-7,25.1,13.3,17.7,21,15,96,64,81,77,84,6.2,0.5,3,4.2,2.1,808,485,673,657,686,32.7,20.4,32.3,39,13.25,13.55,4812
2023-2-8,26.5,12.9,17.8,21.5,14.8,90,57,79,76,81,9,1.5,3.4,4.7,2.4,723,511,634,636,632,27.7,17.8,32.4,37.6,12.45,14.4,6514
2023-2-9,21.4,13.8,16.8,19.1,14.9,94,77,88,84,90,4.1,0.7,1.9,2.6,1.3,704,405,581,500,645,28.4,17,33.1,37.4,12.55,13.3,4795
2023-2-10,25.8,13.4,17.9,21.8,14.8,94,70,83,80,86,5.5,0.9,2.7,3.9,1.7,799,555,581,678,685,26,17.2,30.7,33.9,12.55,13.3,4754
2023-2-11,27.5,13.5,18,21.9,14.8,93,67,83,78,87,7.2,0.9,2.9,4.4,1.6,769,529,657,650,662,26.6,16.8,28.7,26.1,12.2,12.4,4371
2023-2-12,19.4,12.9,15.7,17.5,14.3,96,78,89,88,89,3.5,0.5,1.6,1.8,1.4,716,536,621,610,630,22.8,16.4,27.2,25.7,14.2,22.2,3878
2023-2-13,27.4,11.4,18.3,23,14.5,88,65,76,76,75,7.3,1.8,4,5.1,3.1,744,484,626,629,623,28.3,23,31.5,29.5,12.1,11.15,4340
2023-2-14,27.9,13.2,17.9,21.8,14.7,86,69,76,76,75,7.9,1.9,3.9,4.8,3.2,1374,431,589,631,555,26.1,17.9,29.5,39,11.5,14.3,4093
2023-2-15,27.8,13.6,18.5,22.7,14.9,89,65,76,76,76,7.2,1.8,3.9,5.1,3,746,485,609,630,592,27.9,18.5,38.4,39.5,11.3,14,4645
2023-2-16,26.4,13.9,18.4,22.3,15.1,93,64,84,76,90,7.3,0.9,2.9,4.8,1.3,726,496,624,629,619,27.3,17.3,37.6,39,11.2,13.45,5183
2023-2-17,26.2,15,18.8,21.8,16.3,95,64,85,78,90,7,0.8,2.7,4.4,1.3,802,507,641,651,632,25.8,17.2,37.2,39,11,13.4,5955
2023-2-18,22.8,13.6,17.2,20,14.8,98,79,90,89,91,4,0.2,1.5,2,1.1,722,425,582,582,582,22.7,18.3,34.9,39.5,10.4,13.5,6069
2023-2-19,26.7,13.7,18.5,22.6,15,89,62,81,74,87,7.9,1.3,3.4,5.4,1.7,785,509,633,675,597,27.1,18.6,38,39.1,13,12.05,5260
2023-2-20,26.6,13.2,18.4,22.4,14.9,91,68,82,77,87,7.1,1.1,3.1,4.8,1.7,791,517,616,653,584,26.9,19.7,37.2,40.1,11.25,12.1,6102
2023-2-21,26.7,13,18.2,22.3,14.7,91,69,82,77,87,7.3,1.2,3.1,4.8,1.7,801,511,620,645,599,29.6,29.6,37.5,40.4,11.15,12.05,6031
2023-2-22,24.6,13.2,17.5,20.9,14.6,92,74,85,82,88,5.5,1,2.4,3.5,1.5,659,340,620,481,578,29.2,20.1,32.6,39.7,11.15,12.2,6582
2023-2-23,26.6,13.9,18.7,22.7,15.2,92,49,84,77,89,7.1,1,3,4.8,1.4,775,391,576,557,593,28.8,18.5,34.2,39.5,10.45,11.3,6930
2023-2-24,25.8,13.2,17.5,20.8,14.7,92,75,86,84,87,5.1,1.1,2.3,3,1.6,705,323,556,537,572,28.7,18.8,34.3,42.4,11.1,12.55,5812
2023-2-25,27.6,14.2,18.9,23.2,15.1,90,70,82,79,86,6.8,1.3,3.2,4.7,1.8,723,453,593,604,584,32,19.6,32.7,44.3,14.45,14.2,6278
2023-2-26,27.2,14.4,18.9,23,15.3,90,64,83,78,88,7.4,1.2,3.1,4.7,1.6,723,436,599,560,602,31.4,18.9,32.4,45.5,12.05,13.4,5754
2023-2-27,26.8,14.9,19.4,23.1,15.9,93,51,80,77,82,8.1,1.2,3.6,5,2.5,723,436,598,586,609,28.5,17.8,32.5,42.9,11.5,12.25,6024
2023-2-28,26,14.6,18.8,22.4,15.6,93,55,82,77,87,7.7,1.1,3.2,4.8,1.7,720,407,594,584,603,27.5,17.7,30.6,44.7,11.25,12.1,7030
2023-3-1,26.8,14.1,18.7,22.5,15.3,88,63,81,76,86,8.6,1.5,3.2,5.1,1.9,720,407,594,611,581,27.5,17.7,30.6,44.7,11.25,12.1,5101
2023-3-2,26.7,13.5,19.1,23.1,15.4,93,44,79,70,88,10.6,1,3.9,6.5,1.6,774,437,600,604,596,25.4,16.4,32.8,38.3,8.55,9.35,6922
2023-3-3,25.4,13.2,18.5,22.3,15,96,57,84,76,91,9.9,0.5,3,4.9,1.2,663,433,583,557,606,20.7,16.6,27.9,33.7,5,5.55,7815
2023-3-4,26.7,13.6,19.2,23.3,15.5,93,43,79,69,88,12.3,1,4.2,6.9,1.6,710,431,431,583,605,15.5,16.4,28.6,30.3,6.1,6.55,6594
2023-3-5,26.7,14.3,19.5,23.4,15.9,94,43,80,68,90,13.7,0.7,3,7.1,1.4,710,425,425,574,616,25.4,17,28.7,19.7,7.35,8.25,6411
2023-3-6,26.6,14.7,19.6,23.6,15.9,95,47,80,69,89,13.1,0.8,4.2,7.1,1.4,700,430,607,577,635,14.6,14.5,25.7,33.8,7.4,8.3,6729
2023-3-7,26.8,15.2,19.6,23.9,17,95,43,80,63,91,14.1,0.6,4.2,8.7,1.4,709,473,473,569,623,14.4,15.1,29.7,22.8,0,0.55,7015
2023-3-8,25.7,14.9,19.3,22.7,16.1,94,67,84,80,88,7.3,0.9,2.9,4.3,1.6,678,389,583,573,591,27.4,17.6,27.9,42.6,11.35,12.3,7610
2023-3-9,26.8,14.3,19.7,23.3,16.3,93,31,82,76,87,13.8,1.1,3.4,5.2,1.8,680,436,575,569,580,15.1,14.8,31.2,18.9,0,0.55,7623
2023-3-10,26.9,15.5,20.5,23.6,17.5,92,63,84,78,89,9.5,1,3.3,4.9,1.7,679,438,558,544,572,14.4,14.4,22.6,18.8,3.45,3.4,7709
2023-3-11,26.2,14,17.5,19.9,15.3,93,71,89,86,92,6.4,0.8,1.8,2.5,1.1,742,279,522,478,565,22,18.1,30.4,20.8,12.1,13,7194
2023-3-12,26.7,13.8,18.9,22.6,15.4,93,65,84,79,90,8,1,2.9,4.6,1.3,745,421,592,618,567,28.1,19.7,32.1,24,14.3,14.5,7213
2023-3-13,26.9,14.4,19.3,23,15.6,93,65,83,79,87,9.3,0.9,2.9,4.5,1.7,753,414,592,585,565,29.4,15.5,31.8,18.9,10.5,11.2,7952
2023-3-14,26.2,14.4,19.3,22.8,15.8,92,33,80,73,87,13.3,1,3.8,6,1.7,664,397,548,556,541,22.3,17.9,32.4,20.1,8.4,9.2,8103
2023-3-15,27.2,8.8,18.4,21.6,15.3,94,37,79,81,77,9.1,0.9,3.4,3.7,3,666,309,551,528,574,29,18.3,30.9,25.5,11.55,12.5,10432
2023-3-16,22.8,14.1,17.4,19.6,15.2,90,65,83,79,87,5.7,1.3,2.6,3.6,1.7,857,282,663,590,736,21.7,16.3,30.7,21.5,11.45,12.3,12969
2023-3-17,26.1,14.3,18.8,22.1,15.5,89,63,81,77,85,7.6,1.4,3.3,4.6,2,783,436,615,629,602,21.2,18.3,30.9,22.7,11.25,13,14286
2023-3-18,26.7,13.8,18.6,21.8,15.3,90,57,81,79,82,7.3,1.5,3.2,4.1,2.3,869,349,569,535,603,19.2,20.2,29.1,22.6,12.05,13.2,10893
2023-3-19,25.7,14.5,19,22.3,15.6,93,64,83,78,88,8.3,1,3,4.4,1.7,699,396,578,558,598,20.6,16,26.6,24.4,9.25,10.2,10725
2023-3-20,25.5,14.2,18.5,21.4,15.5,92,64,83,79,86,6.7,1,2.9,4,1.8,714,370,562,526,598,15.1,15.7,32.2,24.4,8.05,9,9162
2023-3-21,26.3,14.9,19.6,22.6,16.5,93,75,85,81,90,5.7,0.9,2.7,3.9,1.4,712,452,590,592,588,16.1,15.8,28.9,23.6,7,7.55,6877
2023-3-22,23.9,14.2,17.5,19.7,15.3,95,68,88,88,88,4.5,0.9,1.8,2,1.6,687,376,547,497,599,15.4,16.8,30.8,23,10.55,11.5,8648
2023-3-23,26,14.7,19.2,22.4,15.8,96,65,86,80,93,6.9,0.5,2.6,4.2,0.9,761,409,645,580,714,20.7,16.4,29.2,24.6,11.15,12.1,7928
2023-3-24,26.1,14,18.8,22.2,15.4,93,61,83,82,85,6.2,1.1,2.9,3.7,2,800,520,620,644,596,19.5,19.5,28.7,26.3,11.35,13.05,9009
2023-3-25,24.8,14.2,18.5,21.5,15.3,94,62,86,85,87,5.3,0.9,2.3,2.9,1.8,657,281,493,406,584,19.5,20.6,32.5,25.8,10.5,15.3,8737
2023-3-26,26.5,14,19.3,22.8,15.5,92,52,81,79,84,8.4,1.3,3.3,4.3,2.2,682,314,546,493,602,21.3,16.8,25.7,26.4,14.5,15.3,9589
2023-3-27,26.2,14.3,19.2,22.6,15.7,91,54,83,80,87,8.2,1.1,3,4.3,1.8,683,423,564,525,606,16.3,15.1,28.9,23.9,12.05,12.55,7602
2023-3-28,26.5,14.3,19.5,23.1,15.8,93,48,81,76,86,12,0.8,5.3,5.3,1.9,695,447,573,562,584,14.5,17.9,31.7,24,3.5,4.4,7988
2023-3-29,26.8,13.9,19.5,23,15.8,92,68,82,79,86,7.4,1.2,3.2,4.5,1.9,659,459,578,558,599,19,21,28.4,22,2.2,3.05,6563
2023-3-30,26.5,14.1,19.4,22.8,15.6,94,66,84,79,89,7.5,0.8,3,4.4,1.5,671,432,573,552,596,20.9,15.6,29.5,24.4,5,5,8184
2023-3-31,26.2,13.8,19.2,22.5,15.6,95,70,86,82,90,7,0.7,2.7,3.8,1.4,676,402,531,481,585,14,14.6,31.6,25.2,4.25,5.2,8770
2023-4-1,26.5,14,19.3,22.6,15.8,95,71,86,81,91,7.3,0.7,2.6,3.9,1.2,722,376,552,496,583,17.4,15.3,31.9,24.7,8,7.2,8783
2023-4-2,26.8,15.4,19.9,23,16.6,97,70,86,82,92,6.9,0.4,2.6,3.9,1.2,725,401,577,542,615,14.2,14.2,31.4,25.2,8.45,9.15,9346
2023-4-3,24,14.8,17.8,19.9,15.5,96,57,86,80,93,6.3,0.5,2.2,3.4,0.9,814,376,625,548,711,14.2,14.2,31.3,23.8,12,13.2,10104
2023-4-4,20.1,13.6,16.3,17.9,14.6,97,86,94,95,93,2,0.4,0.8,0.8,0.9,902,516,685,689,681,17.1,14.9,39.5,24.1,12.15,21.55,9577
2023-4-5,21.2,13.3,16.4,18.2,14.4,98,79,92,91,92,3.1,0.2,1.2,1.3,1,675,443,555,538,574,22.5,14.9,40.1,24.4,11,18,8711
2023-4-6,20.1,13,16.3,18,14.4,97,81,92,93,90,2.6,0.3,1.1,1,1.2,784,409,567,544,593,15.2,15.1,40.2,24.4,11.25,21.45,7893
2023-4-7,26.2,14,19.1,22.6,15.2,97,67,86,80,93,7.9,0.4,2.7,4.2,0.9,709,430,590,604,574,20.4,15.5,28,24,15.55,16.35,9190
2023-4-8,26.2,14.4,19.2,22.6,15.3,95,67,87,82,93,8.1,0.6,2.5,3.8,0.9,692,454,598,588,574,14.4,14.4,28.8,23.9,13.25,13.55,9597
2023-4-9,26.3,17,20.2,22.6,17.4,98,71,88,81,96,7.2,0.3,2.4,4,0.6,691,471,610,602,620,14.4,14.4,29.4,25.2,4.35,4.35,9879
2023-4-10,26.6,17.5,21,23,18.6,97,70,87,81,94,6.9,0.4,2.7,4.2,1,728,471,563,557,571,21.3,18.5,29.4,25.7,4.35,3.4,10435
2023-4-11,24.6,14,17.9,20.4,15.1,97,72,88,82,95,6.1,0.4,2.1,3.4,0.6,893,426,627,618,637,25.2,15.5,31.1,23.4,9.4,9.35,15395
2023-4-12,26,15.1,19.7,22.3,16.5,97,70,87,82,91,7.3,0.4,2.6,3.7,1.2,746,394,585,593,575,14.6,14.6,28.3,24.4,1.2,1.4,15961
2023-4-13,24.6,16.4,19.6,21.5,17.5,98,75,92,88,97,5.7,0.3,1.5,2.4,0.4,797,428,612,560,674,14.6,14.6,28.9,17.1,0,0,16126
2023-4-14,23.5,13.6,17.8,20.3,14.7,98,77,93,90,95,4.6,0.2,1.2,1.8,0.6,810,401,565,522,617,14.6,20.2,15.9,19.4,7.15,7.15,16447
2023-4-15,25.8,13.1,17.8,20.3,14.8,97,72,90,86,95,6,0.3,1.8,2.7,0.7,861,405,599,577,624,23.8,22.7,26.1,25.6,9.55,10.5,13053
2023-4-16,26.3,14.1,19.4,22.7,15.3,97,66,87,82,93,8.3,0.4,2.6,4,0.9,833,427,593,606,577,26.4,19.4,24.1,23,12.55,9.55,13173
2023-4-17,26.4,15.8,20.3,22.9,17.2,98,76,91,87,96,6,0.3,1.9,2.9,0.6,801,459,610,598,625,23.1,19.6,23.5,23.2,3.55,5.15,13701
2023-4-18,26.4,13.7,19.2,22.7,15,97,70,90,86,94,5.5,0.3,2,3.1,0.7,816,474,594,610,574,23.4,19.3,23.7,23.4,8.55,10.2,14044
2023-4-19,26.3,15.7,20.6,23.2,17.6,96,69,88,87,90,6.5,0.6,2.3,3.1,1.4,797,462,590,610,565,23.8,19.2,22.8,23.3,6.3,7.5,14097
2023-4-20,23.8,13.7,17.1,19,14.8,97,79,91,90,92,3.4,0.4,1.3,1.6,0.9,790,455,558,553,564,21.5,17.5,21,24,11.2,12.45,15360
2023-4-21,23.7,13.6,16.6,18.2,14.7,97,75,93,91,96,4.4,0.3,1.1,1.5,0.6,883,490,646,655,634,22.8,20,25.4,27.4,11.3,20.2,16332
2023-4-22,23.1,13.5,16.7,18.3,14.7,98,70,93,90,96,5,0.3,1.1,1.5,0.5,727,368,570,546,600,25.3,18.6,31.7,28,11.25,15.1,12935
2023-4-23,22.2,13.7,16.7,18.3,14.7,98,77,93,91,96,3.6,0.3,0.9,1.3,0.5,656,287,529,474,598,22,18,31.6,28.2,11.25,15.05,8302
2023-4-24,25.2,13.9,18.5,21.1,15.1,98,62,89,85,93,6.2,0.3,1.9,2.7,0.9,907,421,590,582,598,23.2,20.9,27.8,26.8,10.3,12.1,8388
2023-4-25,26.4,13.9,19.4,22.3,15.8,97,61,85,82,88,9.2,0.5,2.9,3.9,1.7,895,417,598,616,576,20.7,20.4,28.7,29.5,14.1,16.3,10847
2023-4-26,26.2,15.3,19.9,22.9,16,96,61,83,77,91,9.3,0.6,0.6,5,1.2,908,444,623,684,545,25.6,18.6,26.9,23.1,6,7.1,11139
2023-4-27,26.2,15.8,20.6,23.6,16.7,97,62,85,78,95,9.3,0.4,3.1,4.9,0.8,896,392,572,575,567,25.1,19.4,26.7,24,4.5,4.55,10695
2023-4-28,24.7,15.1,18.8,20.4,16.8,98,68,92,90,95,7.1,0.3,1.4,2,0.7,875,422,592,571,620,25.4,21.6,26.7,26,9.5,13.05,11472
2023-4-29,25.9,14.1,19.5,23,15.1,96,62,85,81,90,9.1,0.4,2.9,4.2,1.3,894,350,573,591,549,25.7,19.4,29.3,24.2,14.2,14.15,11801
2023-4-30,25.9,14,19.9,23,15.8,97,61,83,79,89,9.4,0.4,3.2,4.6,1.5,899,395,609,622,592,26.6,19.2,24.4,26.7,12.5,12.45,10520
2023-5-1,26.1,15.9,20.6,23.4,17,96,62,84,77,93,9.2,0.6,3.3,5,1.1,875,422,581,592,566,23.9,17.6,29.5,20.8,12.4,12.35,9339
2023-5-2,26.2,15.9,19.8,22,16.8,98,65,89,84,95,8.7,0.3,2.2,3.3,0.8,819,411,580,523,655,15.8,17.9,25.9,25.1,8.5,6.25,9678
2023-5-3,26,17.8,21.3,23.3,18.6,98,75,91,88,96,6.1,0.2,1.8,2.7,0.6,763,414,598,582,620,26.8,18.4,27.6,19,8.2,8.2,10937
2023-5-4,21.9,16.5,18.5,19.5,17.3,98,92,96,96,97,1.3,0.4,0.6,0.7,0.5,716,403,563,526,612,22.5,18.9,38.4,22.4,12.05,12.05,9888
2023-5-5,19.3,13.8,16.6,17.8,15.1,98,79,93,91,95,2.6,0.3,1.1,1.4,0.6,909,457,457,584,601,22.2,19.2,40.5,28.1,9.45,9.45,11475
2023-5-6,26.3,14.2,19.5,22.7,15.2,96,64,81,79,84,8.7,0.6,3.4,4.5,2,879,384,602,624,571,24.9,20.1,34.6,27.3,11.4,11.1,10809
2023-5-7,25.9,13.8,19.7,23.2,15.1,92,63,81,76,88,9,1,3.6,5.1,1.6,785,406,614,625,599,28.8,21,31.4,28.9,13.05,13,16626
2023-5-8,26,14.3,20.1,23.2,15.8,93,61,81,76,89,9.5,0.9,3.7,5.3,1.6,899,459,664,681,642,30.1,20.1,31.1,28.2,15.3,16.05,15377
2023-5-9,26.2,14.3,20,23,15.9,95,57,83,78,90,9.8,0.6,3.3,4.7,1.4,879,457,638,671,592,26.7,19.8,33.8,26.8,15.55,10.4,13046
2023-5-10,26,14.3,19.9,22.7,16,95,57,83,78,89,11.5,0.6,3.3,4.6,1.5,811,437,614,616,611,26.7,21.9,32.3,25.4,6,6.35,14136
2023-5-11,26.2,15,20.1,22.9,16.2,91,58,82,78,87,10.3,1.3,3.5,4.7,1.8,842,489,602,629,566,27.4,15.8,27.2,24.4,11.25,12.35,14290
2023-5-12,26.4,15.5,20.9,23.8,17,94,59,79,74,86,10.2,1,4.3,5.9,2,750,453,591,594,586,30,22.3,30.5,26.4,12.35,12.35,19138
2023-5-13,26.6,15,21.1,24,17,93,62,83,79,89,9.3,0.9,3.5,4.9,1.6,765,431,594,572,624,27.7,20.5,29.6,27.9,12.15,12.2,11708
2023-5-14,26.8,16.7,21.9,24.3,18.6,97,71,87,84,91,7.1,0.4,2.8,3.8,1.5,754,466,585,563,615,26.6,17.6,25.7,17.4,9.05,8.55,11207
2023-5-15,27.1,17.8,22.6,24.6,19.9,96,75,86,83,89,5.8,0.6,3.1,4,1.9,755,445,573,541,619,15.8,15.8,15.5,15.5,11.15,11.1,17497
2023-5-16,28.9,17.6,22.4,24.8,18.9,96,67,83,78,89,8.3,0.6,3.7,5,1.7,754,473,580,543,632,15.8,15.8,15.5,15.5,11.4,11.35,11826
2023-5-17,27,16.8,21.8,21.8,18,97,77,87,85,90,5.8,0.3,2.7,3.5,1.6,708,441,567,542,601,15.8,15.6,15.5,15.5,9.3,9.25,13366
2023-5-18,26,15.4,20,22.2,16.8,97,75,89,87,91,6.2,0.4,2.2,2.8,1.3,716,470,579,566,598,15.3,14.9,15.5,15,2.5,2.4,23752
2023-5-19,26.5,15.7,21.7,23.5,19.1,96,73,85,83,88,6.8,0.6,3.1,3.9,1.9,710,470,594,568,629,14.4,14.6,14.7,14.7,8.25,8.2,14959
2023-5-20,26.4,15.3,20,22.7,16.2,96,61,84,79,90,9.2,0.5,3.1,4.3,1.4,737,436,571,529,632,19.1,18.1,14.7,20.7,6.05,6.05,14739
2023-5-21,23,14.5,18,19.9,15.3,96,66,87,85,91,6.4,0.6,2.1,2.7,1.2,733,326,550,495,630,22.8,20.5,21.1,20.8,5.5,5.5,14559
2023-5-22,26.2,14.1,20.3,23.4,15.9,94,56,80,85,88,10.9,0.8,4,5.6,1.6,732,470,589,571,615,25.2,21.5,23.2,21.5,11.55,12.3,12361
2023-5-23,26.3,15.6,20.8,23.4,16.9,95,54,81,76,89,11.3,0.6,3.9,5.4,1.5,744,462,599,588,616,26.4,18.4,24,20.5,11.25,11.2,13446
2023-5-24,26.3,15,20.3,23,16.3,96,54,80,75,88,11.2,0.6,3.9,5.5,1.6,730,431,592,567,628,21.4,16.3,21.4,18.3,11.05,11,10810
2023-5-25,25.1,14.2,18.7,21.1,15.2,95,65,80,83,90,7.1,0.7,2.4,3.2,1.3,747,424,424,504,639,21.3,17.3,20.4,17.4,5.15,5.15,12943
2023-5-26,26.3,15.9,20.4,22.3,17.6,97,66,86,84,90,8.2,0.5,2.7,3.5,1.5,752,457,593,554,648,21,17.2,19.9,16.7,6.25,6.25,12022
2023-5-27,20.4,15.7,18.4,19.3,17,98,90,94,96,93,1.4,0.3,0.9,0.8,1,699,474,564,521,629,18.9,17.2,15.5,16.9,5.15,5.15,13154
2023-5-28,22.2,15.2,18.3,19.7,16.3,98,89,94,95,93,1.8,0.4,0.9,0.8,1,701,274,550,504,620,19.4,16.4,19,17,5.35,5.35,21144
2023-5-29,25.9,16,20.2,22.1,17.5,97,70,88,86,91,7.2,0.4,2.4,3,1.4,758,449,591,544,661,19.3,16.2,18.8,17.5,5.1,5.1,14236
2023-5-30,24,15.2,19.2,21,16.6,98,74,88,87,90,5.7,0.4,2.1,2.6,1.4,755,454,589,546,653,14.8,16.4,18.7,17.6,5.1,5.1,13041
2023-5-31,26.4,15.8,20.8,22.8,17.8,97,56,84,80,90,10.9,0.4,3.2,4.4,1.5,773,470,616,578,673,18.4,16.5,18,16.7,10.55,10.5,14803
2023-6-1,26.6,15.9,21.3,24.1,17.2,98,69,85,83,89,7.8,0.4,3.1,4,1.7,736,491,588,566,621,18.1,16.8,15.8,16.3,11.25,11.15,14762
2023-6-2,26.3,13.8,20.3,23.3,15.4,94,57,82,78,88,10.2,0.7,3.6,4.9,1.6,686,475,569,545,609,18.8,16,18.7,15.7,8.1,8,19167
2023-6-3,26.5,14,20.6,22.7,17.2,96,55,82,78,90,11.3,0.6,3.7,5,1.5,708,479,579,553,621,16.5,16.3,16,16.2,7.05,7,15357
2023-6-4,26.7,15.9,21,23.2,17.6,97,64,85,81,90,8.9,0.5,3.1,4.1,1.5,698,477,573,549,608,17.7,16.7,17.6,16.9,5.05,5.05,14841
2023-6-5,26.6,16,21.3,23.4,17.7,96,63,83,80,88,9.4,0.5,3.6,4.7,1.9,680,483,571,558,594,17.4,16.4,17.2,16.6,5,5,12236
2023-6-6,27.2,15.1,21,24,16.6,94,61,82,79,87,10.2,0.8,3.6,4.8,1.8,710,472,570,546,606,18,16,17.8,16.2,5,5,9994
2023-6-7,27.3,16.9,22.6,24.5,19.5,92,72,82,80,85,7,1.3,3.8,4.6,2.5,679,488,565,546,597,17.9,17.2,17.7,17.7,5,5,9274
2023-6-8,27.3,15.6,21.6,24.3,17,91,66,80,76,86,8.8,1.2,4.1,5.4,2,690,478,563,541,598,16.4,15.6,17.6,16.1,5,5,11629
2023-6-9,27.3,16.2,21.4,23.9,17.3,94,62,80,77,86,9.8,0.9,4,5.2,2.1,684,464,568,549,599,17.9,16,17.8,16.8,5,5,11921
2023-6-10,27.3,14.8,20.6,23.2,16.2,94,64,83,80,88,9.2,0.8,3.4,4.4,1.7,656.8,469,563.8,544,596.8,18,15.9,17.7,16,5,5,12309
2023-6-11,27.4,15.3,21,23.2,17.4,97,68,83,80,89,8.2,0.4,3.4,4.5,1.6,683.5,480.3,563.4,562.1,565.6,17.1,15.9,17,16.5,5,5,14508
2023-6-12,27.4,16.1,21,23,17.5,97,66,86,84,90,9,0.4,2.8,3.5,1.6,692.8,475.9,569,539.3,620.1,17.7,16.4,17.5,16.6,6.55,6.55,14557
2023-6-13,27.3,15.2,20.8,23,17.1,97,67,85,83,89,8.6,0.4,2.9,3.7,1.7,716,469.5,561.8,555,573.2,17.4,16.1,17.2,16.4,5,5,13251
2023-6-14,27.2,16.4,21.8,24,18.2,96,67,83,80,88,8.8,0.7,3.7,4.7,1.9,692.4,470,568.3,550.8,597.6,17.1,16.1,17,16.4,4.55,4.55,9099
2023-6-15,29.4,18.3,23.1,25,20,91,71,82,80,86,7.5,1.6,3.9,4.8,2.5,663.7,464.1,553.4,536,582.5,15.1,15.1,15.6,15.6,4.55,4.55,11357
2023-6-16,27.6,18.4,23.5,25.5,20,97,70,84,81,88,7.9,0.6,3.6,4.5,2.1,726.4,474.9,571.4,544.5,617,15.1,15.1,15.6,15.6,4.55,4.55,13543
2023-6-17,27.5,17.8,23.1,25.2,19.6,96,79,87,86,89,5.7,0.7,2.8,3.4,1.9,669.1,469,566.3,545.4,601.8,15.1,15.1,15.6,15.6,4.55,4.55,13140
2023-6-18,27.4,17.5,22.4,24.4,19,97,70,84,82,89,7.9,0.4,3.4,4.2,1.9,689.9,428.6,541.9,504.8,604.9,15.1,15.1,15.6,15.6,4.5,4.55,12853
2023-6-19,23.9,17.3,20.8,22.1,18.7,97,75,89,88,90,5.2,0.4,2.1,2.3,1.6,650.9,426.6,523.1,488.3,582.8,15.1,15.1,15.6,15.6,0,4.55,12520
2023-6-20,27.3,17.1,22.4,24.6,18.7,97,72,88,84,93,7.4,0.5,2.8,3.7,1.2,720.4,478.8,564.1,531.5,619.3,15.1,15.1,15.6,15.6,4.55,4.55,12935
2023-6-21,27.2,15.6,22,24.6,17.7,96,72,84,82,86,7.2,0.7,3.5,4.3,2.1,703.2,442.9,546.6,508.7,611,15.1,15,15.6,15.6,4.55,4.55,14988
2023-6-22,27.5,17.1,22.5,24.5,19.2,92,73,83,81,87,7.1,1.3,3.7,4.6,2.2,740.2,458.1,574,537.6,635.3,17.9,17,17.6,17.4,4.55,4.55,19273
2023-6-23,28.9,18.2,23.3,25.5,19.9,94,74,85,83,87,7.3,1.1,3.4,4.2,2.2,727.4,471,576.3,541.3,630.6,16,16,17.1,17.1,8.3,4.55,19844
2023-6-24,28,18.1,23.1,25.1,20.1,96,75,84,83,87,6.7,0.8,3.5,4.2,2.3,685.5,474.9,572.4,553.4,601.5,16,16,17.1,17.1,8.5,4.55,12572
2023-6-25,26.1,17.9,21.9,23.4,19.2,95,77,86,85,89,5.6,0.7,2.8,3.4,1.9,669.6,460.6,528.8,492.7,590.9,16,16,17.1,17.1,5,5,12494
2023-6-26,27.8,18.9,23,24.7,20,98,72,86,85,88,7.6,0.3,3.1,3.7,2,672.1,460.6,556.1,531.1,597.3,16,16,17.1,17.1,5.35,5.25,8577
2023-6-27,28.9,19.2,23.4,24.9,21,98,81,90,89,92,5.5,0.3,2.3,2.8,1.4,721.4,468,565.6,527,631.5,16,16,17.1,17.1,5,5,9098
2023-6-28,29.9,19.6,24.9,26.8,21.5,95,85,90,91,90,3.8,0.9,2.3,2.5,2,717.5,451.2,568.2,521.5,647.6,16,16,17.1,17.1,5.25,5.25,10879
2023-6-29,29.9,19.6,24.9,26.8,21.5,95,85,90,91,90,3.8,0.9,2.3,2.5,2,717.5,451.2,568.2,521.5,647.6,16,16.1,17.1,17,5.15,5.15,10556
2023-6-30,28.8,16.6,23,25.1,19.5,98,75,88,88,89,7.1,0.4,2.6,2.9,1.9,723.9,468,566,520,643.7,18.2,17.3,17.9,17.6,5.2,5.2,11169
2023-7-1,28.1,18.9,23.9,26,20.6,98,77,87,85,89,6.4,0.4,3.1,3.9,1.9,755,464.1,604.2,591.1,624.2,16.3,16.3,17.1,17.1,5.2,5.2,12525
2023-7-2,28.2,19.9,24.1,26,21.2,98,79,87,86,89,5.8,0.5,3,3.7,2,754.5,470,625.3,607.6,652.5,16.3,16.3,17.1,17.1,5.2,5.2,12842
2023-7-3,28.6,20.6,24.9,26.8,21.9,97,85,90,90,89,4.2,0.6,2.4,2.6,2.1,817.1,477.9,624,576.4,696.7,16.3,16.3,17.1,17.1,5.2,5.2,13097
2023-7-4,26.3,17.1,21.6,23.6,18.6,98,88,92,93,90,2.7,0.3,1.5,1.4,1.5,825.4,438.9,570.8,542.6,613.8,16.3,16.2,17.1,16.8,7.2,7.2,12575
2023-7-5,29.3,18.2,24,26,20.9,96,78,85,84,87,6.4,0.7,3.4,4.1,2.3,718,406.8,573.9,560,595.2,15.8,15.8,16.2,16.2,9.5,9.5,13089
2023-7-6,30.2,19.7,24.8,26.9,21.6,98,77,86,84,90,5.9,0.3,3.3,4.3,1.8,724.9,444.8,561.8,530.1,610.2,15.8,15.8,16.2,16.2,8.2,8.1,14019
2023-7-7,30,18.3,24.7,27.5,20.6,98,78,85,85,86,6.6,0.4,3.6,4.2,2.6,686.4,459.1,589.4,556.8,638.7,15.8,15.8,16.2,16.2,11,10.55,9619
2023-7-8,30.3,17.9,24.2,27.2,19.7,96,73,84,83,86,7.6,0.7,3.8,4.7,2.4,707.1,465,591.8,562.1,636.6,15.8,15.8,16.2,16.2,10.2,10.15,10380
2023-7-9,29,17.4,23.7,26.5,19.5,99,76,83,81,87,6.9,0.3,3.8,4.9,2.3,713.1,438.9,585.3,547.7,642.4,15.8,15.8,16.2,16.2,10.5,10.4,11398
2023-7-10,31.9,18.6,24,26.9,19.7,99,76,87,87,88,6.8,0.3,2.9,3.6,2,671.1,452.7,580.2,544.3,634.3,15.8,15.8,16.2,16.2,11.05,10.5,10910
2023-7-11,30,19,24.1,26.6,20.3,98,83,89,90,88,4.9,0.4,2.5,2.8,2.2,716.5,442.9,590.2,545.7,656.9,15.8,15.8,16.2,16.2,9.35,9.2,11127
2023-7-12,24.7,18,20.6,22,18.6,99,90,92,94,91,1.8,0.2,1.3,1.2,1.5,715.5,375.8,537.2,498.9,594.7,15.8,15.8,16.2,16.2,9.2,9.2,12596
2023-7-13,30.2,18.3,23.3,25.3,20.2,96,79,88,88,88,6.3,0.7,2.7,3,2.2,684.5,304.3,573.2,533.1,633.5,15.8,15.8,16.2,16.2,12.2,12.3,14620
2023-7-14,30.9,18.4,24.2,27,20,96,73,85,85,85,8.5,0.7,3.5,4.2,2.6,685.9,462.6,590.1,564,628.8,15.8,15.8,16.2,16.2,17.15,17.2,13939
2023-7-15,27.9,16.9,22.1,24.5,18.6,96,79,86,85,88,5.5,0.7,2.9,3.5,2,710.1,442.4,573.5,536.3,628.2,15.8,16,16.2,16.4,15.25,15.35,15806
2023-7-16,27.7,16.8,22.4,24.8,18.7,97,77,85,84,86,5.9,0.4,3.3,4,2.2,684,445.3,580.8,553.4,620.1,18.4,17.8,19.3,18.2,17.15,17.2,18341
2023-7-17,28.4,16.7,22.5,25.1,18.8,94,78,85,84,86,6,0.9,3.3,4,2.2,695.3,446.3,567.5,534.3,615.2,15.9,15.9,16.4,16.4,17,17.05,22048
2023-7-18,28.1,17,22.6,25,19.1,95,79,86,85,87,5.6,0.8,3.1,3.8,2.1,686.4,411.3,541.6,487.6,620.6,15.9,15.9,16.3,16.3,16.3,16.35,15032
2023-7-19,29.1,17.6,23.6,26,20.1,95,79,86,86,86,6.1,0.8,3.2,3.7,2.5,678.5,448.8,567.1,523.1,631.3,15.9,15.9,16.3,16.3,16.2,16.25,15274
2023-7-20,29,17.8,23.2,25.7,19.5,94,70,85,84,86,7.1,0.9,3.4,4.1,2.5,677.1,425.1,559.6,518.7,619.3,15.9,15.9,16.3,16.3,13.1,13.25,12548
2023-7-21,28.5,18.3,22.9,25.1,19.6,95,85,89,89,88,4.2,0.8,2.4,2.7,2,685,438.9,563.5,512.9,637.4,15.9,15.9,16.3,16.3,12.05,12.15,10859
2023-7-22,29.8,17.8,22.7,24.8,19.6,97,77,88,88,88,7,0.5,2.7,3.1,2.1,710.6,337.8,574.6,534.7,632.5,15.9,15.9,16.3,16.3,13.15,13.2,11019
2023-7-23,29.9,16.9,22.5,25.2,18.5,97,80,89,88,89,5.8,0.5,2.4,2.9,1.8,733.8,431.5,575,534.7,632.3,15.9,15.9,16.3,16.3,10.5,11.05,11898
2023-7-24,30.2,17.1,23.9,26.3,20.5,96,80,87,87,87,5.7,0.5,3.1,3.6,2.4,701.7,459.1,596.6,561.7,645.3,15.9,15.9,16.3,16.3,15.4,15.45,12077
2023-7-25,28.1,18.2,23.2,25.6,19.8,94,79,86,85,87,5.5,1,3.1,3.7,2.3,743.1,448.3,579.4,527.6,653,15.9,15.9,16.3,16.3,15.3,15.4,12542
2023-7-26,29.7,18,23.3,26,19.4,96,79,87,87,87,5.3,0.6,2.8,3.2,2.2,711.1,417.2,550.9,505.7,615.1,15.9,15.9,16.3,16.3,12.35,12.4,10401
2023-7-27,29.2,18,23.9,26.3,20.4,95,82,86,86,86,5.3,0.9,3.1,3.6,2.4,685,445.8,576.8,538.7,630.8,15.9,15.9,16.3,16.3,12.05,12.15,11170
2023-7-28,29.5,18.5,22.9,25.3,19.5,96,81,88,88,89,5.2,0.7,2.5,3,1.9,679,460.6,584.1,545,640.1,15.9,15.9,16.3,16.3,11.15,11.3,12285
2023-7-29,26.9,18.8,22.1,23.9,19.6,96,88,91,92,89,2.3,1.1,1.7,1.7,1.8,665.2,204.2,456.1,375.7,569.4,15.9,15.9,16.3,16.3,8.55,8.55,9214
2023-7-30,30.3,19.1,23.8,26.3,20.3,93,83,88,89,88,5.4,1.2,2.6,3,2.1,676.6,377.2,583.1,535.2,648.9,15.9,15.9,16.3,16.3,12.2,12.25,10071
2023-7-31,31.3,18,24.3,27.2,20.4,98,79,88,89,88,6.3,0.3,2.8,3.3,2.1,688.4,341.7,564.8,537.7,602.2,15.9,15.9,16.3,16.3,13.55,14,12915
2023-8-1,30.4,18,24.1,26.9,20.1,97,79,86,86,87,6,0.6,3.2,3.8,2.4,691.9,388.1,579.6,552.8,616.6,15.9,15.9,16.3,16.3,17.2,17.3,12609
2023-8-2,30.6,18.2,24.3,26.9,20.7,92,80,87,87,86,5.9,1.6,3.1,3.5,2.5,728,417,585,554,627,15.9,18.2,16.3,21.2,18.4,18.45,12965
2023-8-3,30.9,19.5,25,27.8,20.7,92,83,87,87,87,5.6,1.9,3.1,3.6,2.4,687,421,578,533,645,25.4,20.8,27.4,24,18.2,18.45,13133
2023-8-4,31.5,19.5,25.7,28.1,21,90,82,86,86,87,6.1,2,3.5,4.1,2.5,702.7,434,584.5,553.2,644.6,18.7,20.7,27.1,21.7,19,19.05,9160
2023-8-5,31.1,18.8,24.4,25.7,20,90,84,87,87,87,5,1.8,2.9,3.1,2.2,876.7,414.7,571.3,559,611.4,26.3,21.5,26.7,21.7,12.4,13.35,7368
2023-8-6,29.3,16.6,22.5,25.3,18.7,91,68,83,81,87,9.2,1.3,3.7,4.8,2.2,695.8,362.9,551.5,517.5,596.4,23.7,22.6,23.9,22.4,17.3,18.1,6706
2023-8-7,29.7,17.6,23.2,26,19.4,88,69,81,79,85,9.2,1.8,4.2,5.4,2.5,692.4,435,576.5,556.8,603.2,26.2,23,27.4,23,18.45,19.3,10080
2023-8-8,30.4,17.1,23.2,26.1,19.3,89,74,84,82,86,7.6,1.5,3.6,4.5,2.3,723.9,430,578.8,560,603.9,25.4,22.7,27.8,23.3,18.2,18.5,7988
2023-8-9,29.7,17.1,23.4,26.5,19.3,90,72,84,82,87,7.5,1.4,3.6,4.6,2.2,709.6,417.2,571,537.1,616.4,26.7,23.8,28.6,23.1,18.3,19.15,8219
2023-8-10,29.6,17.1,23.4,26.6,19.3,92,76,85,84,87,6.9,1.4,3.3,4.2,2.2,716,414.2,556,509.5,616.7,27.7,23.5,29,23.7,18.25,19.15,8276
2023-8-11,31.1,18.4,24.2,27.1,20.3,89,72,85,84,86,8.2,1.8,3.5,4.2,2.5,753.5,403.4,582.6,535.3,644.6,28.2,22.3,29.7,20.4,16.45,17.25,8799
2023-8-12,28.3,17.6,21.6,23.8,18.8,96,87,91,92,90,2.6,0.8,1.6,1.6,1.6,840.7,440.9,621.5,596.6,652.9,23.3,19,26,18.6,11.3,11.3,6828
2023-8-13,30.9,16.8,23.2,26.1,19.5,94,72,86,85,88,8.8,1.2,3.2,4,2.1,745.6,412.7,569.3,519.5,634.3,17,20.8,17.2,21,14.4,16.45,6496
2023-8-14,29.8,17.5,24,27,20.1,90,72,84,81,87,8.6,1.5,3.9,5,2.4,779.1,429.6,592.5,543.8,655.3,27.8,24.6,31.6,24.1,17,17.05,6944
2023-8-15,30.6,17.4,24,27.3,19.7,89,71,83,81,86,9.2,1.6,4,5.1,2.5,787.5,406.3,598.5,558.1,650.4,31.6,22.8,31.6,23.6,17.15,17.15,6555
2023-8-16,30.2,17.6,24.2,27.5,19.9,89,73,83,82,85,8.2,1.7,4,5.1,2.7,772.2,413.2,572.4,509.2,653.5,27.1,22.6,29.8,23.7,17.15,17.15,7982
2023-8-17,30.5,18.1,24.4,27.6,20.3,90,77,84,83,86,7.3,1.7,3.7,4.7,2.5,765.3,416.7,600.7,561.7,650.4,28.4,22.8,29.6,23.6,17.15,17.15,8582
2023-8-18,30.2,17.9,23.9,27,20,94,82,87,87,87,5.2,1.7,2.9,3.3,2.3,827.9,417.7,609.3,569.9,658.1,27.1,22.9,30.2,24.1,13.25,13.3,8551
2023-8-19,30.9,17.9,23.6,26.8,19.5,93,78,86,86,87,6.9,1.6,3,3.6,2.3,774.7,411.3,619.4,572.8,677.6,26.1,22.4,28.3,23.5,15.15,15.15,6337
2023-8-20,31.4,17.8,23.4,26.5,19.6,92,82,86,86,86,5.9,1.7,3,3.5,2.4,764.8,362.5,582.6,525.5,653.9,26.3,22.2,28.3,23.6,12,12.1,4561
2023-8-21,30.9,17.1,23.1,25.5,20.2,96,76,86,86,87,7.6,0.8,3,3.6,2.3,757.4,404.8,596.7,555.5,648.1,24.5,24,29,24.2,11.45,11.45,3619
2023-8-22,29.8,16,23.2,26.9,18.6,90,72,83,81,86,7.7,1.4,3.8,4.9,2.3,776.2,413.2,589.2,542.2,647.9,27.9,22.6,29.5,22.8,17.1,17.1,3249
2023-8-23,28.9,15.9,22.4,25.7,18.3,90,66,82,79,86,9.7,1.4,4,5.3,2.3,787.5,429.6,585.4,556,621.6,24.9,17.8,26.3,18,17.3,17.3,3522
2023-8-24,28.7,15.7,21.4,24.3,17.8,94,69,85,83,86,8.9,1,3.2,4,2.1,726.4,440.4,574.1,517.4,643.6,14.9,17.6,15.3,16.9,14.15,14.15,4121
2023-8-25,28.3,16.7,22.1,25.1,18.4,89,77,84,82,86,6.3,1.5,3.4,4.4,2.2,725.4,449.3,597.2,555.5,647.8,25.1,17.9,27.3,18.7,17.45,17.4,5536
2023-8-26,27.8,16.3,21.1,24,17.7,92,79,86,86,88,5.7,1.4,2.6,3.3,1.9,716,403.9,566.8,495.8,653.1,23.8,17.8,25.7,18.7,11.25,11.25,6071
2023-8-27,23.3,15.8,19,21,16.6,97,87,92,93,92,2.1,0.7,1.2,1.3,1.2,705.2,333.9,552.5,498.9,616.8,23.1,16.4,27.5,18.2,9.45,9.45,5781
2023-8-28,27.1,15,19.9,22.6,16.8,95,77,88,87,89,5.8,1.1,2.3,2.8,1.6,727.8,272.2,555.6,519.7,598.6,23.8,19.1,28.6,20.6,10.15,14.15,4263
2023-8-29,27.4,13.9,20.7,24.1,16.4,92,76,85,82,88,5.7,1,3,4.1,1.7,697.3,436.5,574.8,543.5,612.7,25.5,18.7,26.3,21.1,10.15,14.15,5080
2023-8-30,25.9,15,20.4,23.3,16.9,95,68,83,78,89,7.5,0.6,3.3,4.8,1.6,714.5,436.9,605.1,582.9,631.5,25.5,18,28.3,28.3,10.15,14.15,4548
2023-8-31,27.9,16.9,22.3,25.2,18.9,97,76,86,84,89,6,0.5,3,3.9,1.9,753,424.1,603.1,561.1,651.2,22.4,18.2,27.4,18.7,10.15,14.15,3891
2023-9-1,28.1,15.7,21.9,25.1,18.2,97,79,87,86,87,5.8,0.5,2.8,3.5,2,748.5,430.5,583.6,536.7,638.2,16,17,18.7,20.8,15.3,15.25,6481
2023-9-2,26.9,16.8,21.9,24.6,18.8,96,69,84,80,89,7.7,0.7,3.3,4.7,1.8,731.8,433,590.8,559.3,627.6,27.9,18.2,28.8,18.5,16.05,16,5592
2023-9-3,28.8,17.1,22.9,26.1,19.3,96,78,87,86,89,6.1,0.7,2.9,3.8,1.9,754,456.2,596.9,533.6,669.5,15.7,16.6,16.3,16.6,13.25,13.15,7405
2023-9-4,30.1,16.7,23.3,26.8,19.3,92,79,86,84,88,6.6,1.1,3.2,4.2,2.1,755.4,444.8,614.3,572.2,662.8,28.9,19.4,30.5,20.7,13.15,13.1,5984
2023-9-5,29.8,16,22.7,26.2,18.7,94,74,85,82,88,7,0.8,3.3,4.6,1.9,752.5,443.4,637.5,626.9,649.6,29.3,18.3,30.5,18.6,13.45,13.1,7644
2023-9-6,29.6,16.4,22.7,25.6,19.3,97,76,87,86,88,6.4,0.5,3,3.7,2.1,741.2,452.7,620.2,590.8,653.8,14.8,18,15.1,18.9,13.15,13.05,7102
2023-9-7,28.5,16.5,22.4,25.5,18.8,92,73,83,80,87,7.6,1.1,3.6,5,2.1,744.6,455.7,630.6,604.2,659.3,30.2,22.9,29,22.1,14.05,14,6476
2023-9-8,29.2,16.6,22.7,26,18.9,91,76,85,83,87,6.9,1.3,3.2,4.2,2.2,753.5,432,632.2,595.4,673.4,28.9,22.4,28.5,21,14,13.05,5918
2023-9-9,29.1,17.4,23,26.2,19.4,91,82,86,86,87,4.9,1.5,3,3.6,2.2,751.5,434.5,618.6,579.8,661.7,30.7,21.1,30.9,21.5,11.05,10.55,5343
2023-9-10,28.4,17.4,22.1,24.6,19.4,97,79,88,88,89,5.8,0.6,2.4,2.9,1.8,810.2,475.9,649.8,589.8,715.9,27.7,21,28.9,21.1,10.4,10.4,7604
2023-9-11,28.1,17.2,22.4,25.5,19,92,78,86,85,87,6,1.2,2.9,3.6,2.1,802.3,450.3,603.2,529.8,684,29.9,20.7,29.6,20.4,11.4,11.4,6710
2023-9-12,24.5,15.6,19.6,22,17,95,84,89,89,90,3.5,0.9,1.8,2.2,1.5,795.9,429.6,602.4,573.7,633.9,25.4,18.8,24.8,24.8,10.4,10.4,7359
2023-9-13,26.7,14.3,19.9,23.3,16.2,94,71,85,81,90,6.2,0.7,2.8,4.1,1.4,741.6,462.1,611.1,609.3,613.1,25.4,15.8,28.2,15.6,14.3,14.2,8153
2023-9-14,26.2,14.5,19.8,22.6,16.8,95,70,85,81,88,6.5,0.7,2.9,4.1,1.7,809.7,467.5,640.3,652.1,627.4,14.1,16.5,13.7,21.5,13.55,13.5,7595
2023-9-15,26.5,15.3,20.6,24,17.1,96,73,85,81,90,6.2,0.6,3,4.3,1.6,777.6,465,637.2,623.8,651.4,26.8,16.8,30.3,16.6,13.05,13,7547
2023-9-16,26.3,15.2,20.3,23.3,17.2,95,74,86,84,89,6.1,0.6,2.7,3.6,1.7,753.5,460.1,631.5,604.1,660.9,14.6,14.5,14.3,14.3,10.5,10.45,5431
2023-9-17,26.8,16,21.1,23.7,18.3,96,75,86,84,89,5.9,0.5,2.7,3.7,1.8,755.4,469,621.5,601.8,642.2,14.3,14.3,14.3,14.3,12.35,12.3,2489
2023-9-18,29.7,16.7,23,26.4,19.4,94,79,87,86,89,5.7,1.1,2.8,3.7,1.9,815.1,454.2,613.4,556.9,673.1,14.3,16.6,14.3,18.2,12.4,12.3,3256
2023-9-19,25.5,16.6,20.7,23.5,17.8,97,87,92,93,92,3.1,0.4,1.4,1.5,1.2,777.6,460.6,602.9,569.6,637.8,26.6,17.6,29.5,19.2,10.5,10.5,3895
2023-9-20,26.5,15.4,20.8,24.1,17.4,96,70,85,82,88,6.5,0.7,2.9,4,1.8,856.5,437.9,620.1,616.2,624,28.1,17.6,27.4,19.9,19,18.5,5283
2023-9-21,26.8,15.1,20.4,23.7,16.9,95,65,83,80,87,8.7,0.7,3.3,4.7,1.9,720.8,429.3,598.4,590,606.5,22.5,17.2,24.9,16.3,17.2,17.15,5294
2023-9-22,26.5,15.3,20.4,23.3,17.5,97,74,86,82,90,6.3,0.5,2.8,4,1.5,811.6,436.5,614,604.8,623.5,14.9,14.9,14.4,14.4,14.55,14.5,6185
2023-9-23,26.4,16.2,20.2,23,17.3,97,73,87,84,90,6.2,0.4,2.5,3.5,1.5,722.9,416.2,598.7,575.9,622.2,14.9,14.9,14.4,14.4,11.5,11.5,6355
2023-9-24,24.1,15.4,18.9,21.2,16.5,98,87,94,95,93,2.3,0.4,1,1,1,722.4,339.3,545.9,480.1,613.1,14.9,14.5,14.4,14.4,13.45,13.45,5547
2023-9-25,26.5,16.2,19.9,22,17.8,98,75,90,87,92,6.3,0.4,1.9,2.6,1.2,724.9,443.4,606.6,566.1,647.3,14.1,14.1,14.4,14.4,12.55,12.4,5124
2023-9-26,24.6,16.1,19.7,22.2,17.2,98,77,89,87,91,5.2,0.4,2,2.8,1.3,747.1,437.4,590.5,528,653.4,14.1,14.1,14.4,14.4,11.55,11.55,4519
2023-9-27,23.3,16.2,19.2,21.3,17.1,96,78,89,86,92,4.5,0.6,2,2.7,1.2,730.8,453.2,594.3,534.7,651.8,14.1,14.1,14.4,14.4,12.15,12.35,4377
2023-9-28,26.3,16.4,20.7,22.7,18.8,97,68,87,82,92,7.7,0.4,2.6,4,1.3,780.6,479.3,647.9,648.5,647.4,14.1,14.1,14.4,14.4,13.5,13.25,4881
2023-9-29,26.6,17.4,21.2,23.6,18.8,94,73,85,80,90,6.7,0.9,3,4.4,1.6,675,468,564.4,580.8,548.3,14.1,14.1,14.4,14.4,13.05,12.45,6023
2023-9-30,26.1,13.2,18.7,22.7,14.9,93,70,83,79,86,6.3,1,3.1,4.5,1.8,736.2,468.5,600.3,619.1,581.7,14.1,13.7,14.4,13.2,15.35,15.3,8332
2023-10-1,26.2,12.5,18.9,22,15.9,93,70,83,78,87,6.9,0.9,3.2,4.6,1.8,790.4,481.8,616.9,634.3,600,12.3,12.3,11.5,11.5,7.1,7.15,9735
2023-10-2,26.8,13.9,20.5,22.7,18.3,93,69,80,79,82,6.6,0.9,3.7,4.6,2.9,732.3,453.2,596.4,632.1,561.7,12.3,12.3,11.5,11.5,1.15,0.55,7536
2023-10-3,26.8,15.5,20.2,23.2,17.2,95,70,85,79,90,6.5,0.7,3,4.6,1.5,768.8,451.2,585.7,596.1,575.7,12.3,12.3,11.5,11.5,3.3,3.2,7840
2023-10-4,25.8,14.4,19.4,22.4,16.4,95,72,87,82,91,6.3,0.7,2.4,3.7,1.2,716.5,422.1,550.1,533.6,565.2,12.3,12.3,11.5,11.5,3.15,3.15,7316
2023-10-5,27.4,14.6,19.2,22.9,15.7,95,70,82,81,83,6.6,0.7,3.3,4.3,2.3,855,465,610.2,666.7,556.7,12.3,12.3,11.5,11.5,4.1,4.2,6674
2023-10-6,26,15,18.8,21.3,16.4,94,76,87,84,90,4.8,0.8,2.3,3.2,1.4,857,426.1,568.2,542.7,592.3,12.3,12.3,11.5,12.8,1.3,1.3,7231
2023-10-7,27.4,15.3,19.3,22.5,16.3,95,73,84,83,86,6.9,0.8,2.9,3.8,2,763.8,425.6,584.9,602.1,568.7,12.3,12.7,19.5,17.2,2.35,2.3,6610
2023-10-8,27.3,14.8,20.2,23.7,17,94,69,85,80,90,6.7,0.8,2.9,4.5,1.4,836.3,457.2,612.9,645.7,582.3,26.2,19.9,25.9,22.2,7.2,7.05,6374
2023-10-9,27.2,15.1,19.8,23.9,16.1,94,70,83,78,88,7.6,0.8,3.3,5.1,1.6,778.1,482.3,628.5,663.6,596,20,19.5,24.4,21.7,11.55,12.1,5879
2023-10-10,27.6,15.4,20.1,23.8,16.8,93,56,83,77,89,11.5,0.9,3.4,5.3,1.6,885,459,602,630,577,21.3,20.1,24.2,20.9,9.1,9.15,5685
2023-10-11,27.5,15.9,21,23.8,17.5,94,64,82,76,90,9.4,1,3.7,5.5,1.6,897,471,634,663,599,22.9,19.9,22.1,18.5,11.35,11.45,4978
2023-10-12,26.3,16.2,20.1,23.2,17.3,95,72,88,84,91,7,0.8,2.3,3.4,1.3,899,395,601,566,633,22.9,20.2,21.6,16.1,8.05,8.3,4851
2023-10-13,26.8,16.3,21,24,18.3,93,71,88,86,90,7.1,1,2.4,3.3,1.6,940,440,615,582,646,28,20.2,27.1,24.3,10.55,12.45,4241
2023-10-14,27.7,15.7,21.4,24.7,18.3,92,58,81,72,89,11.3,1.1,4.2,6.9,1.7,900,523,685,707,664,26.5,22.8,26.7,24.8,12.3,12.45,5412
2023-10-15,27.9,16.9,21.6,24.7,18.9,93,61,82,74,90,10.5,1.1,3.9,6.4,1.6,884,479,656,700,617,22.7,20,27.1,24.4,11.2,11.4,6853
2023-10-16,27.9,16.2,21.7,24.8,19,91,61,82,75,89,10.5,1.2,3.9,6.2,1.8,881,473,665,697,637,26.6,23.9,24.5,26,12.15,12.35,6220
2023-10-17,28.3,18.6,22.3,25,19.9,92,62,80,74,85,10.4,1.3,4.3,6.4,2.6,898,482,624,695,562,25,20.6,27.7,19.6,5.25,6.2,6797
2023-10-18,27.7,17.4,21.5,24.3,19,94,66,89,87,90,9.3,0.9,2.3,3.1,1.6,914,399,555,511,594,18.7,19.2,18.4,17.5,5.15,5.15,6887
2023-10-19,27.4,14.9,20.9,23.9,18.1,92,71,86,84,88,7.8,1.2,2.7,3.6,1.9,910,419,569,544,593,26.5,23.4,23.4,26.3,13.2,13.2,8911
2023-10-20,28.1,15.3,21,24.6,17.9,89,56,77,69,83,12,1.4,4.9,7.5,2.7,903,504,643,689,602,22,26.9,26.5,30.3,13.2,13.35,8756
2023-10-21,28.2,17.4,21.9,24.6,19.5,89,58,79,72,86,11.5,1.7,4.5,6.9,2.5,926,500,664,683,647,24.4,25.7,22.2,39.1,13.35,13.4,8529
2023-10-22,28.1,18.2,23.5,24.9,20.5,90,61,78,73,89,10.6,1.5,5.1,6.6,2,885,507,655,682,600,22.1,19.2,22.9,33,13.35,13.55,9297
2023-10-23,28.4,18.2,22.4,25.1,20.1,94,61,82,72,91,10.8,1,4.1,7,1.6,884,437,626,620,630,18.4,18.4,25.3,22.6,13.3,13.55,8520
2023-10-24,31.1,18.1,22.5,25.6,19.9,93,42,80,68,90,18.8,1.1,4.8,8.6,1.7,914,466,657,664,651,18.6,18.6,26.9,23.2,13.3,13.3,8515
2023-10-25,29.8,18.2,22.6,25.7,20,91,61,81,72,88,11.8,1.4,4.5,7.4,2,806,450,647,620,671,18.9,22.6,27,24.4,13.35,13.35,8601
2023-10-26,27.7,17.9,21.6,24.6,19.1,90,55,77,70,84,11.8,1.5,4.8,7.3,2.7,857,493,654,684,629,20.2,23.9,25.7,37.8,13.4,13.4,8105
2023-10-27,28.1,17.7,21.8,24.9,19.2,89,54,78,67,87,12.8,1.7,4.9,8.1,2.2,906,482,657,675,642,22.7,20.5,24,32.9,13.4,13.55,7823
2023-10-28,28.2,17.9,21.9,25,19.4,91,58,81,70,89,11.6,1.3,4.3,7.4,1.8,928,475,644,658,632,19,18.5,27.1,26.1,13.4,13.4,7267
2023-10-29,28.8,18.3,22.4,25.2,20,94,62,83,74,91,10.7,1,3.8,6.6,1.6,906,477,604,573,629,19,18.8,25.3,21.5,13.45,13.45,7212
2023-10-30,28.5,18.3,22,24.6,19.9,94,64,85,78,91,9.9,1,3.3,5.5,1.5,944,481,630,627,633,19.1,19,23.4,21.2,13.45,13.45,7347
2023-10-31,31.2,18.6,23.1,26.1,20.6,93,48,80,69,89,17,1.1,4.9,8.6,1.9,810,483,639,648,631,17.8,17.8,24.4,20.4,13.5,13.5,6337
2023-11-1,29.9,18.7,23.2,26.1,20.8,93,59,81,70,90,12.2,1.1,4.6,8,1.8,908,476,641,646,636,17.8,17.8,24.2,20.3,13.5,13.5,5985
2023-11-2,28.1,18.7,23,25,21.4,93,62,81,71,89,10.6,1.2,4.3,7.1,2.1,681,456,560,503,606,17.8,17.8,23.7,28.1,13.5,13.5,5600
2023-11-3,27.2,19.3,21.8,23.8,20.1,87,73,81,82,80,7,2.3,3.7,4.1,3.5,867,440,574,574,574,20.3,28.7,31.9,43.8,13.55,13.55,3301
2023-11-4,28.4,19.4,22.8,25.2,20.9,91,56,80,69,89,12.4,1.6,4.6,7.8,2.1,916,460,594,594,594,26.4,22.9,27.3,25.9,14.15,14.35,4260
2023-11-5,21.9,18.5,20,20.3,19.7,91,71,82,84,80,5,1.5,3.2,2.9,3.4,630,550,589,585,592,28.7,32.5,44.6,42.9,14.4,14.4,4151
2023-11-6,29,17.8,21.8,24.9,19.4,80,51,67,62,71,13.9,3.3,6.7,9.1,4.8,891,449,618,648,595,31.2,36,30.4,40.7,13.55,14.1,3461
2023-11-7,28.8,16.8,22.4,25,20.4,82,46,70,59,79,15.2,3.1,6.5,10.2,3.7,893,472,613,634,596,32,25.9,28.7,42.1,13.5,14.05,3827
2023-11-8,29.3,19.3,22.3,25.2,20.1,84,55,75,70,79,12.4,2.7,5.3,7.4,3.6,933,492,615,599,627,29.4,27.9,34.2,42,14.45,15.25,3598
2023-11-9,27.1,14.9,19.9,23.7,17,79,63,74,71,76,9.6,2.9,4.8,6.5,3.5,777,523,583,605,566,34.7,19.1,40.6,43.5,17.1,17.45,3602
